starttime,endtime,logreturn,score
"2016-11-09 00:50:00","2016-11-09 01:50:00",0.0707,0.997
"2016-11-09 01:50:00","2016-11-09 09:20:00",-0.0353,0.7719
"2016-11-09 09:20:00","2016-11-09 10:35:00",1.7867,0.8556
"2016-11-09 10:35:00","2016-11-09 13:35:00",1.3793,0.7289
"2016-11-09 13:35:00","2016-11-09 14:35:00",-0.1199,0.9508
"2016-11-09 14:35:00","2016-11-09 21:30:00",-0.8782,0.7335
"2016-11-09 21:30:00","2016-11-09 22:30:00",-0.3639,0.6602
"2016-11-09 22:30:00","2016-11-09 23:30:00",-0.5919,0.9979
"2016-11-09 23:30:00","2016-11-10 00:30:00",-0.1573,0.9101
"2016-11-10 00:30:00","2016-11-10 01:30:00",-0.4206,0.2873
"2016-11-10 01:30:00","2016-11-10 09:00:00",0.1229,0.6249
"2016-11-10 09:00:00","2016-11-10 10:00:00",0.1227,0.7444
"2016-11-10 10:00:00","2016-11-10 11:15:00",0.2275,0.9951
"2016-11-10 11:15:00","2016-11-10 14:15:00",-0.0175,0.6106
"2016-11-10 14:15:00","2016-11-10 21:10:00",-0.3327,0.684
"2016-11-10 21:10:00","2016-11-10 22:10:00",-0.1756,0.0513
"2016-11-10 22:10:00","2016-11-10 23:10:00",-0.6876,0.9251
"2016-11-10 23:10:00","2016-11-11 00:10:00",-0.0354,0.9976
"2016-11-11 00:10:00","2016-11-11 01:10:00",0.1415,0.8978
"2016-11-11 01:10:00","2016-11-11 02:10:00",-0.1061,0.9082
"2016-11-11 02:10:00","2016-11-11 09:40:00",-0.4789,0.7309
"2016-11-11 09:40:00","2016-11-11 10:55:00",-0.1245,0.565
"2016-11-11 10:55:00","2016-11-11 13:55:00",0.1956,0.8823
"2016-11-11 13:55:00","2016-11-11 14:55:00",0.1065,0.5453
"2016-11-11 14:55:00","2016-11-11 21:50:00",-0.231,0.6971
"2016-11-11 21:50:00","2016-11-11 22:50:00",-1.7223,0.6274
"2016-11-11 22:50:00","2016-11-11 23:50:00",-0.3263,0.2979
"2016-11-11 23:50:00","2016-11-12 00:50:00",0,0.2681
"2016-11-12 00:50:00","2016-11-12 01:50:00",-0.0908,0.2413
"2016-11-12 01:50:00","2016-11-14 09:20:00",-1.0412,0.7639
"2016-11-14 09:20:00","2016-11-14 10:35:00",0.0918,0.7012
"2016-11-14 10:35:00","2016-11-14 13:35:00",-0.2756,0.8354
"2016-11-14 13:35:00","2016-11-14 14:35:00",0.3672,0.5692
"2016-11-14 14:35:00","2016-11-14 21:30:00",0.5483,0.6962
"2016-11-14 21:30:00","2016-11-14 22:30:00",-0.3286,0.6266
"2016-11-14 22:30:00","2016-11-14 23:30:00",-0.0549,0.5639
"2016-11-14 23:30:00","2016-11-15 00:30:00",0.1828,0.7933
"2016-11-15 00:30:00","2016-11-15 01:30:00",0.6735,0.2792
"2016-11-15 01:30:00","2016-11-15 09:00:00",0,0.6494
"2016-11-15 09:00:00","2016-11-15 10:00:00",0.0363,0.6857
"2016-11-15 10:00:00","2016-11-15 11:15:00",-0.0181,0.8282
"2016-11-15 11:15:00","2016-11-15 14:15:00",0.1993,0.7843
"2016-11-15 14:15:00","2016-11-15 21:10:00",-0.1993,0.6994
"2016-11-15 21:10:00","2016-11-15 22:10:00",-0.0544,0.6295
"2016-11-15 22:10:00","2016-11-15 23:10:00",0.3081,0.4701
"2016-11-15 23:10:00","2016-11-16 00:10:00",-0.163,0.4231
"2016-11-16 00:10:00","2016-11-16 01:10:00",0.0544,0.8877
"2016-11-16 01:10:00","2016-11-16 02:10:00",0.0362,0.7989
"2016-11-16 02:10:00","2016-11-16 09:40:00",0.4336,0.6658
"2016-11-16 09:40:00","2016-11-16 10:55:00",-0.0541,0.805
"2016-11-16 10:55:00","2016-11-16 13:55:00",0.0901,0.5918
"2016-11-16 13:55:00","2016-11-16 14:55:00",-0.1443,0.5335
"2016-11-16 14:55:00","2016-11-16 21:50:00",0,0.6411
"2016-11-16 21:50:00","2016-11-16 22:50:00",0,0.577
"2016-11-16 22:50:00","2016-11-16 23:50:00",-0.1626,0.049
"2016-11-16 23:50:00","2016-11-17 00:50:00",0.1986,0.4021
"2016-11-17 00:50:00","2016-11-17 01:50:00",-0.0541,0.3619
"2016-11-17 01:50:00","2016-11-17 09:20:00",0.018,0.6613
"2016-11-17 09:20:00","2016-11-17 10:35:00",0,0.5746
"2016-11-17 10:35:00","2016-11-17 13:35:00",-0.1083,0.5431
"2016-11-17 13:35:00","2016-11-17 14:35:00",-0.1627,0.5753
"2016-11-17 14:35:00","2016-11-17 21:30:00",0.0362,0.5853
"2016-11-17 21:30:00","2016-11-17 22:30:00",0.0362,0.5649
"2016-11-17 22:30:00","2016-11-17 23:30:00",0,0.5084
"2016-11-17 23:30:00","2016-11-18 00:30:00",0.0362,0.4576
"2016-11-18 00:30:00","2016-11-18 01:30:00",-0.1085,0.4118
"2016-11-18 01:30:00","2016-11-18 09:00:00",-0.6718,0.6923
"2016-11-18 09:00:00","2016-11-18 10:00:00",-0.4016,0.5518
"2016-11-18 10:00:00","2016-11-18 11:15:00",0.0914,0.4966
"2016-11-18 11:15:00","2016-11-18 14:15:00",-0.0548,0.6438
"2016-11-18 14:15:00","2016-11-18 21:10:00",0.1644,0.7143
"2016-11-18 21:10:00","2016-11-18 22:10:00",0.0547,0.5106
"2016-11-18 22:10:00","2016-11-18 23:10:00",-0.1461,0.4595
"2016-11-18 23:10:00","2016-11-19 00:10:00",-0.1646,0.4136
"2016-11-19 00:10:00","2016-11-19 01:10:00",0.128,0.3722
"2016-11-19 01:10:00","2016-11-19 02:10:00",0.0183,0.32
"2016-11-19 02:10:00","2016-11-21 09:40:00",0.4194,0.6405
"2016-11-21 09:40:00","2016-11-21 10:55:00",0.0182,0.8372
"2016-11-21 10:55:00","2016-11-21 13:55:00",0.0909,0.9325
"2016-11-21 13:55:00","2016-11-21 14:55:00",0.1816,0.8197
"2016-11-21 14:55:00","2016-11-21 21:50:00",-0.0181,0.682
"2016-11-21 21:50:00","2016-11-21 22:50:00",-0.0908,0.6138
"2016-11-21 22:50:00","2016-11-21 23:50:00",0.0363,0.9573
"2016-11-21 23:50:00","2016-11-22 00:50:00",-0.109,0.8983
"2016-11-22 00:50:00","2016-11-22 01:50:00",0.0182,0.2959
"2016-11-22 01:50:00","2016-11-22 09:20:00",0.5076,0.759
"2016-11-22 09:20:00","2016-11-22 10:35:00",-0.0362,0.8295
"2016-11-22 10:35:00","2016-11-22 13:35:00",0.0904,0.5862
"2016-11-22 13:35:00","2016-11-22 14:35:00",0.0181,0.4711
"2016-11-22 14:35:00","2016-11-22 21:30:00",-0.2714,0.7608
"2016-11-22 21:30:00","2016-11-22 22:30:00",0,0.6847
"2016-11-22 22:30:00","2016-11-22 23:30:00",-0.2177,0.6162
"2016-11-22 23:30:00","2016-11-23 00:30:00",0.0726,0.5546
"2016-11-23 00:30:00","2016-11-23 01:30:00",0.0907,0.4991
"2016-11-23 01:30:00","2016-11-23 09:00:00",0.0363,0.6476
"2016-11-23 09:00:00","2016-11-23 10:00:00",0.1449,0.5828
"2016-11-23 10:00:00","2016-11-23 11:15:00",0.1447,0.5245
"2016-11-23 11:15:00","2016-11-23 14:15:00",-0.2533,0.472
"2016-11-23 14:15:00","2016-11-23 21:10:00",-0.1088,0.7327
"2016-11-23 21:10:00","2016-11-23 22:10:00",-0.7098,0.6594
"2016-11-23 22:10:00","2016-11-23 23:10:00",-0.2011,0.5935
"2016-11-23 23:10:00","2016-11-24 00:10:00",0.4565,0.5342
"2016-11-24 00:10:00","2016-11-24 01:10:00",-0.0911,0.4808
"2016-11-24 01:10:00","2016-11-24 02:10:00",-0.146,0.4327
"2016-11-24 02:10:00","2016-11-24 09:40:00",-0.1279,0.4909
"2016-11-24 09:40:00","2016-11-24 10:55:00",-0.0732,0.4418
"2016-11-24 10:55:00","2016-11-24 13:55:00",0.1097,0.3976
"2016-11-24 13:55:00","2016-11-24 14:55:00",0.0548,0.3578
"2016-11-24 14:55:00","2016-11-24 21:50:00",-0.2195,0.322
"2016-11-24 21:50:00","2016-11-24 22:50:00",0.1281,0.2898
"2016-11-24 22:50:00","2016-11-24 23:50:00",-0.0183,0.2608
"2016-11-24 23:50:00","2016-11-25 00:50:00",-0.0366,0.2347
"2016-11-25 00:50:00","2016-11-25 01:50:00",-0.1648,0.2112
"2016-11-25 01:50:00","2016-11-25 09:20:00",-0.2936,0.1901
"2016-11-25 09:20:00","2016-11-25 10:35:00",-0.7934,0.5099
"2016-11-25 10:35:00","2016-11-25 13:35:00",-0.204,0.8301
"2016-11-25 13:35:00","2016-11-25 14:35:00",0.4076,0.8308
"2016-11-25 14:35:00","2016-11-25 21:30:00",0.5531,0.6072
"2016-11-25 21:30:00","2016-11-25 22:30:00",0.0368,0.5465
"2016-11-25 22:30:00","2016-11-25 23:30:00",-0.0735,0.9257
"2016-11-25 23:30:00","2016-11-26 00:30:00",-0.1472,0.1256
"2016-11-26 00:30:00","2016-11-26 01:30:00",0.1472,0.113
"2016-11-26 01:30:00","2016-11-28 09:00:00",0.7513,0.7322
"2016-11-28 09:00:00","2016-11-28 10:00:00",0.3644,0.6624
"2016-11-28 10:00:00","2016-11-28 11:15:00",-0.2003,0.8256
"2016-11-28 11:15:00","2016-11-28 14:15:00",-0.1277,0.6574
"2016-11-28 14:15:00","2016-11-28 21:10:00",-0.1278,0.534
"2016-11-28 21:10:00","2016-11-28 22:10:00",0.0548,0.5333
"2016-11-28 22:10:00","2016-11-28 23:10:00",-0.0365,0.48
"2016-11-28 23:10:00","2016-11-29 00:10:00",0.2736,0.432
"2016-11-29 00:10:00","2016-11-29 01:10:00",-0.1459,0.7623
"2016-11-29 01:10:00","2016-11-29 02:10:00",0.1094,0.6861
"2016-11-29 02:10:00","2016-11-29 09:40:00",-0.2007,0.718
"2016-11-29 09:40:00","2016-11-29 10:55:00",-0.0731,0.6231
"2016-11-29 10:55:00","2016-11-29 13:55:00",-0.3478,0.7191
"2016-11-29 13:55:00","2016-11-29 14:55:00",0.0367,0.7596
"2016-11-29 14:55:00","2016-11-29 21:50:00",-0.736,0.6722
"2016-11-29 21:50:00","2016-11-29 22:50:00",0.2398,0.605
"2016-11-29 22:50:00","2016-11-29 23:50:00",0.0184,0.5445
"2016-11-29 23:50:00","2016-11-30 00:50:00",0.0921,0.49
"2016-11-30 00:50:00","2016-11-30 01:50:00",-0.0921,0.441
"2016-11-30 01:50:00","2016-11-30 09:20:00",0.184,0.6817
"2016-11-30 09:20:00","2016-11-30 10:35:00",-0.092,0.5785
"2016-11-30 10:35:00","2016-11-30 13:35:00",-0.1473,0.7996
"2016-11-30 13:35:00","2016-11-30 14:35:00",-0.0369,0.909
"2016-11-30 14:35:00","2016-11-30 21:30:00",-0.1661,0.6143
"2016-11-30 21:30:00","2016-11-30 22:30:00",-0.2404,0.7052
"2016-11-30 22:30:00","2016-11-30 23:30:00",-0.037,0.6347
"2016-11-30 23:30:00","2016-12-01 00:30:00",-0.3339,0.5712
"2016-12-01 00:30:00","2016-12-01 01:30:00",0.1856,0.5141
"2016-12-01 01:30:00","2016-12-01 09:00:00",-0.1856,0.6853
"2016-12-01 09:00:00","2016-12-01 10:00:00",-0.6899,0.7603
"2016-12-01 10:00:00","2016-12-01 11:15:00",0.1869,0.6143
"2016-12-01 11:15:00","2016-12-01 14:15:00",0.5401,0.5998
"2016-12-01 14:15:00","2016-12-01 21:10:00",-0.5588,0.7293
"2016-12-01 21:10:00","2016-12-01 22:10:00",0.0373,0.6564
"2016-12-01 22:10:00","2016-12-01 23:10:00",-0.2243,0.5908
"2016-12-01 23:10:00","2016-12-02 00:10:00",0.243,0.3053
"2016-12-02 00:10:00","2016-12-02 01:10:00",-0.1494,0.2748
"2016-12-02 01:10:00","2016-12-02 02:10:00",-0.0374,0.9187
"2016-12-02 02:10:00","2016-12-02 09:40:00",0.5409,0.6008
"2016-12-02 09:40:00","2016-12-02 10:55:00",-0.0744,0.8049
"2016-12-02 10:55:00","2016-12-02 13:55:00",0,0.7164
"2016-12-02 13:55:00","2016-12-02 14:55:00",0.093,0.9227
"2016-12-02 14:55:00","2016-12-02 21:50:00",-0.2607,0.6354
"2016-12-02 21:50:00","2016-12-02 22:50:00",0.5764,0.5719
"2016-12-02 22:50:00","2016-12-02 23:50:00",0.0185,0.9483
"2016-12-02 23:50:00","2016-12-03 00:50:00",0.0556,0.8535
"2016-12-03 00:50:00","2016-12-03 01:50:00",-0.0556,0.7681
"2016-12-03 01:50:00","2016-12-05 09:20:00",0,0.6708
"2016-12-05 09:20:00","2016-12-05 10:35:00",-0.4086,0.1634
"2016-12-05 10:35:00","2016-12-05 13:35:00",0.1859,0.7759
"2016-12-05 13:35:00","2016-12-05 14:35:00",-0.0186,0.8653
"2016-12-05 14:35:00","2016-12-05 21:30:00",-0.4656,0.6791
"2016-12-05 21:30:00","2016-12-05 22:30:00",0.0187,0.6112
"2016-12-05 22:30:00","2016-12-05 23:30:00",-0.112,0.7997
"2016-12-05 23:30:00","2016-12-06 00:30:00",0.2612,0.7197
"2016-12-06 00:30:00","2016-12-06 01:30:00",0.1118,0.4718
"2016-12-06 01:30:00","2016-12-06 09:00:00",0.316,0.6583
"2016-12-06 09:00:00","2016-12-06 10:00:00",-0.2601,0.8037
"2016-12-06 10:00:00","2016-12-06 11:15:00",-0.0372,0.6477
"2016-12-06 11:15:00","2016-12-06 14:15:00",-0.2236,0.7363
"2016-12-06 14:15:00","2016-12-06 21:10:00",0.0932,0.6209
"2016-12-06 21:10:00","2016-12-06 22:10:00",-0.0559,0.6852
"2016-12-06 22:10:00","2016-12-06 23:10:00",0.0559,0.7154
"2016-12-06 23:10:00","2016-12-07 00:10:00",0.0559,0.6439
"2016-12-07 00:10:00","2016-12-07 01:10:00",-0.2424,0.981
"2016-12-07 01:10:00","2016-12-07 02:10:00",0.0373,0.8859
"2016-12-07 02:10:00","2016-12-07 09:40:00",-0.0373,0.7255
"2016-12-07 09:40:00","2016-12-07 10:55:00",0.056,0.958
"2016-12-07 10:55:00","2016-12-07 13:55:00",-0.0933,0.8059
"2016-12-07 13:55:00","2016-12-07 14:55:00",0,0.7978
"2016-12-07 14:55:00","2016-12-07 21:50:00",0.5588,0.6579
"2016-12-07 21:50:00","2016-12-07 22:50:00",0.4633,0.5921
"2016-12-07 22:50:00","2016-12-07 23:50:00",-0.111,0.5329
"2016-12-07 23:50:00","2016-12-08 00:50:00",-0.0555,0.4796
"2016-12-08 00:50:00","2016-12-08 01:50:00",-0.0926,0.4316
"2016-12-08 01:50:00","2016-12-08 09:20:00",-0.1113,0.7246
"2016-12-08 09:20:00","2016-12-08 10:35:00",0.1669,0.7067
"2016-12-08 10:35:00","2016-12-08 13:35:00",0.037,0.7548
"2016-12-08 13:35:00","2016-12-08 14:35:00",-0.037,0.589
"2016-12-08 14:35:00","2016-12-08 21:30:00",-0.0371,0.7112
"2016-12-08 21:30:00","2016-12-08 22:30:00",-0.0741,0.6401
"2016-12-08 22:30:00","2016-12-08 23:30:00",0.0741,0.5761
"2016-12-08 23:30:00","2016-12-09 00:30:00",-0.0556,0.5185
"2016-12-09 00:30:00","2016-12-09 01:30:00",-0.0371,0.4666
"2016-12-09 01:30:00","2016-12-09 09:00:00",-0.1485,0.4199
"2016-12-09 09:00:00","2016-12-09 10:00:00",-0.2046,0.3779
"2016-12-09 10:00:00","2016-12-09 11:15:00",0.1116,0.3401
"2016-12-09 11:15:00","2016-12-09 14:15:00",0.2229,0.3061
"2016-12-09 14:15:00","2016-12-09 21:10:00",-0.2787,0.2755
"2016-12-09 21:10:00","2016-12-09 22:10:00",0.1116,0.248
"2016-12-09 22:10:00","2016-12-09 23:10:00",-0.186,0.2232
"2016-12-09 23:10:00","2016-12-10 00:10:00",0.0372,0.9607
"2016-12-10 00:10:00","2016-12-10 01:10:00",-0.1676,0.9943
"2016-12-10 01:10:00","2016-12-10 02:10:00",0.0932,0.8949
"2016-12-10 02:10:00","2016-12-12 09:40:00",-0.2798,0.6422
"2016-12-12 09:40:00","2016-12-12 10:55:00",0.2052,0.4162
"2016-12-12 10:55:00","2016-12-12 13:55:00",-0.0932,0.7523
"2016-12-12 13:55:00","2016-12-12 14:55:00",-0.0187,0.663
"2016-12-12 14:55:00","2016-12-12 21:50:00",0.0933,0.701
"2016-12-12 21:50:00","2016-12-12 22:50:00",0,0.6309
"2016-12-12 22:50:00","2016-12-12 23:50:00",0.0559,0.5678
"2016-12-12 23:50:00","2016-12-13 00:50:00",0.1489,0.8828
"2016-12-13 00:50:00","2016-12-13 01:50:00",0.1116,0.5775
"2016-12-13 01:50:00","2016-12-13 09:20:00",-0.2232,0.5805
"2016-12-13 09:20:00","2016-12-13 10:35:00",0.1117,0.7741
"2016-12-13 10:35:00","2016-12-13 13:35:00",-0.0745,0.6178
"2016-12-13 13:35:00","2016-12-13 14:35:00",-0.0559,0.8196
"2016-12-13 14:35:00","2016-12-13 21:30:00",0.279,0.6764
"2016-12-13 21:30:00","2016-12-13 22:30:00",-0.0372,0.6088
"2016-12-13 22:30:00","2016-12-13 23:30:00",-0.3724,0.5479
"2016-12-13 23:30:00","2016-12-14 00:30:00",0.1677,0.9635
"2016-12-14 00:30:00","2016-12-14 01:30:00",-0.0932,0.8672
"2016-12-14 01:30:00","2016-12-14 09:00:00",0.1304,0.6884
"2016-12-14 09:00:00","2016-12-14 10:00:00",0.0744,0.6698
"2016-12-14 10:00:00","2016-12-14 11:15:00",-0.0186,0.7805
"2016-12-14 11:15:00","2016-12-14 14:15:00",0.1487,0.6572
"2016-12-14 14:15:00","2016-12-14 21:10:00",-0.1301,0.6169
"2016-12-14 21:10:00","2016-12-14 22:10:00",0.4825,0.9493
"2016-12-14 22:10:00","2016-12-14 23:10:00",0.0555,0.8544
"2016-12-14 23:10:00","2016-12-15 00:10:00",-0.0185,0.769
"2016-12-15 00:10:00","2016-12-15 01:10:00",0.0555,0.6921
"2016-12-15 01:10:00","2016-12-15 02:10:00",-0.074,0.6229
"2016-12-15 02:10:00","2016-12-15 09:40:00",-1.2478,0.5242
"2016-12-15 09:40:00","2016-12-15 10:55:00",0.2246,0.616
"2016-12-15 10:55:00","2016-12-15 13:55:00",-0.2621,0.637
"2016-12-15 13:55:00","2016-12-15 14:55:00",0.0937,0.8017
"2016-12-15 14:55:00","2016-12-15 21:50:00",-0.6012,0.6629
"2016-12-15 21:50:00","2016-12-15 22:50:00",0,0.5966
"2016-12-15 22:50:00","2016-12-15 23:50:00",0.0188,0.5369
"2016-12-15 23:50:00","2016-12-16 00:50:00",-0.132,0.4832
"2016-12-16 00:50:00","2016-12-16 01:50:00",0.1508,0.4349
"2016-12-16 01:50:00","2016-12-16 09:20:00",0.0565,0.6804
"2016-12-16 09:20:00","2016-12-16 10:35:00",-0.0188,0.6395
"2016-12-16 10:35:00","2016-12-16 13:35:00",-0.0188,0.6966
"2016-12-16 13:35:00","2016-12-16 14:35:00",0,0.6913
"2016-12-16 14:35:00","2016-12-16 21:30:00",-0.0565,0.7071
"2016-12-16 21:30:00","2016-12-16 22:30:00",-0.0189,0.6364
"2016-12-16 22:30:00","2016-12-16 23:30:00",0.0189,0.5728
"2016-12-16 23:30:00","2016-12-17 00:30:00",0.2447,0.5155
"2016-12-17 00:30:00","2016-12-17 01:30:00",0.0376,0.4639
"2016-12-17 01:30:00","2016-12-19 09:00:00",0.0939,0.7721
"2016-12-19 09:00:00","2016-12-19 10:00:00",-0.0376,0.4236
"2016-12-19 10:00:00","2016-12-19 11:15:00",-0.0564,0.8842
"2016-12-19 11:15:00","2016-12-19 14:15:00",0.2065,0.7415
"2016-12-19 14:15:00","2016-12-19 21:10:00",-0.1313,0.7377
"2016-12-19 21:10:00","2016-12-19 22:10:00",0.0375,0.6639
"2016-12-19 22:10:00","2016-12-19 23:10:00",0.0375,0.5975
"2016-12-19 23:10:00","2016-12-20 00:10:00",0.0375,0.2687
"2016-12-20 00:10:00","2016-12-20 01:10:00",0.0187,0.0981
"2016-12-20 01:10:00","2016-12-20 02:10:00",-0.0187,0.9223
"2016-12-20 02:10:00","2016-12-20 09:40:00",-0.0188,0.6705
"2016-12-20 09:40:00","2016-12-20 10:55:00",-0.0563,0.8169
"2016-12-20 10:55:00","2016-12-20 13:55:00",-0.1691,0.8894
"2016-12-20 13:55:00","2016-12-20 14:55:00",-0.2636,0.8227
"2016-12-20 14:55:00","2016-12-20 21:50:00",-0.8519,0.6222
"2016-12-20 21:50:00","2016-12-20 22:50:00",-0.1332,0.56
"2016-12-20 22:50:00","2016-12-20 23:50:00",0.0761,0.3801
"2016-12-20 23:50:00","2016-12-21 00:50:00",0.171,1
"2016-12-21 00:50:00","2016-12-21 01:50:00",0.0949,0.9
"2016-12-21 01:50:00","2016-12-21 09:20:00",-0.2279,0.6462
"2016-12-21 09:20:00","2016-12-21 10:35:00",0.5877,0.8857
"2016-12-21 10:35:00","2016-12-21 13:35:00",0.1322,0.7566
"2016-12-21 13:35:00","2016-12-21 14:35:00",0.0566,0.6809
"2016-12-21 14:35:00","2016-12-21 21:30:00",-0.0944,0.7179
"2016-12-21 21:30:00","2016-12-21 22:30:00",-0.0567,0.6461
"2016-12-21 22:30:00","2016-12-21 23:30:00",-0.1513,0.5815
"2016-12-21 23:30:00","2016-12-22 00:30:00",-0.0947,0.5233
"2016-12-22 00:30:00","2016-12-22 01:30:00",0.0379,0.471
"2016-12-22 01:30:00","2016-12-22 09:00:00",-0.0568,0.7282
"2016-12-22 09:00:00","2016-12-22 10:00:00",0.0758,0.7042
"2016-12-22 10:00:00","2016-12-22 11:15:00",-0.1895,0.7899
"2016-12-22 11:15:00","2016-12-22 14:15:00",-0.1139,0.8906
"2016-12-22 14:15:00","2016-12-22 21:10:00",-0.2281,0.6759
"2016-12-22 21:10:00","2016-12-22 22:10:00",0.0951,0.9167
"2016-12-22 22:10:00","2016-12-22 23:10:00",0.4932,0.825
"2016-12-22 23:10:00","2016-12-23 00:10:00",-0.1515,0.7425
"2016-12-23 00:10:00","2016-12-23 01:10:00",-0.1327,0.6683
"2016-12-23 01:10:00","2016-12-23 02:10:00",-0.0569,0.6015
"2016-12-23 02:10:00","2016-12-23 09:40:00",0.1897,0.7176
"2016-12-23 09:40:00","2016-12-23 10:55:00",0,0.5747
"2016-12-23 10:55:00","2016-12-23 13:55:00",0.0189,0.8195
"2016-12-23 13:55:00","2016-12-23 14:55:00",-0.1327,0.5667
"2016-12-23 14:55:00","2016-12-23 21:50:00",0.0569,0.7812
"2016-12-23 21:50:00","2016-12-23 22:50:00",0.1894,0.7031
"2016-12-23 22:50:00","2016-12-23 23:50:00",0.1135,0.6328
"2016-12-23 23:50:00","2016-12-24 00:50:00",-0.1324,0.9072
"2016-12-24 00:50:00","2016-12-24 01:50:00",0.0189,0.5411
"2016-12-24 01:50:00","2016-12-26 09:20:00",-0.0947,0.6764
"2016-12-26 09:20:00","2016-12-26 10:35:00",-0.0569,0.7375
"2016-12-26 10:35:00","2016-12-26 13:35:00",0.0758,0.7665
"2016-12-26 13:35:00","2016-12-26 14:35:00",0.1514,0.8147
"2016-12-26 14:35:00","2016-12-26 21:30:00",0.321,0.7426
"2016-12-26 21:30:00","2016-12-26 22:30:00",-0.0754,0.07
"2016-12-26 22:30:00","2016-12-26 23:30:00",-0.0377,0.063
"2016-12-26 23:30:00","2016-12-27 00:30:00",0.0189,0.8005
"2016-12-27 00:30:00","2016-12-27 01:30:00",0,0.6359
"2016-12-27 01:30:00","2016-12-27 09:00:00",-0.1133,0.6945
"2016-12-27 09:00:00","2016-12-27 10:00:00",0.151,0.6051
"2016-12-27 10:00:00","2016-12-27 11:15:00",0.1508,0.7227
"2016-12-27 11:15:00","2016-12-27 14:15:00",0.0565,0.7889
"2016-12-27 14:15:00","2016-12-27 21:10:00",0.1693,0.7506
"2016-12-27 21:10:00","2016-12-27 22:10:00",0.0188,0.6755
"2016-12-27 22:10:00","2016-12-27 23:10:00",-0.1692,0.6079
"2016-12-27 23:10:00","2016-12-28 00:10:00",0.0564,0.6317
"2016-12-28 00:10:00","2016-12-28 01:10:00",-0.0753,0.5057
"2016-12-28 01:10:00","2016-12-28 02:10:00",0.0376,0.8239
"2016-12-28 02:10:00","2016-12-28 09:40:00",0.2818,0.6217
"2016-12-28 09:40:00","2016-12-28 10:55:00",0.1687,0.8348
"2016-12-28 10:55:00","2016-12-28 13:55:00",0.0936,0.8327
"2016-12-28 13:55:00","2016-12-28 14:55:00",0.0374,0.4909
"2016-12-28 14:55:00","2016-12-28 21:50:00",-0.2247,0.6893
"2016-12-28 21:50:00","2016-12-28 22:50:00",-0.1126,0.6204
"2016-12-28 22:50:00","2016-12-28 23:50:00",0,0.5584
"2016-12-28 23:50:00","2016-12-29 00:50:00",0.0563,0.5026
"2016-12-29 00:50:00","2016-12-29 01:50:00",0.0375,0.4523
"2016-12-29 01:50:00","2016-12-29 09:20:00",0.7659,0.6835
"2016-12-29 09:20:00","2016-12-29 10:35:00",-0.149,0.658
"2016-12-29 10:35:00","2016-12-29 13:35:00",0.0186,0.6957
"2016-12-29 13:35:00","2016-12-29 14:35:00",0,0.7302
"2016-12-29 14:35:00","2016-12-29 21:30:00",-0.0186,0.7224
"2016-12-29 21:30:00","2016-12-29 22:30:00",-0.0373,0.8709
"2016-12-29 22:30:00","2016-12-29 23:30:00",0.0186,0.7838
"2016-12-29 23:30:00","2016-12-30 00:30:00",1.0015,0.7054
"2016-12-30 00:30:00","2016-12-30 01:30:00",-0.0369,0.8938
"2016-12-30 01:30:00","2016-12-30 09:00:00",0.2765,0.5813
"2016-12-30 09:00:00","2016-12-30 10:00:00",-0.3874,0.7567
"2016-12-30 10:00:00","2016-12-30 11:15:00",0.0924,0.7988
"2016-12-30 11:15:00","2016-12-30 14:15:00",0.0554,0.6961
"2016-12-30 14:15:00","2017-01-03 09:00:00",-0.0923,0.6909
"2017-01-03 09:00:00","2017-01-03 10:00:00",-0.0924,0.7088
"2017-01-03 10:00:00","2017-01-03 11:15:00",-0.1665,0.6957
"2017-01-03 11:15:00","2017-01-03 14:15:00",0.0185,0.6728
"2017-01-03 14:15:00","2017-01-03 21:10:00",-0.3896,0.6932
"2017-01-03 21:10:00","2017-01-03 22:10:00",-0.0372,0.6239
"2017-01-03 22:10:00","2017-01-03 23:10:00",0.2414,0.4924
"2017-01-03 23:10:00","2017-01-04 00:10:00",0.4627,0.4432
"2017-01-04 00:10:00","2017-01-04 01:10:00",-0.0185,0.3989
"2017-01-04 01:10:00","2017-01-04 02:10:00",0.1292,0.359
"2017-01-04 02:10:00","2017-01-04 09:40:00",-0.4436,0.6572
"2017-01-04 09:40:00","2017-01-04 10:55:00",0.1296,0.52
"2017-01-04 10:55:00","2017-01-04 13:55:00",0.0185,0.6928
"2017-01-04 13:55:00","2017-01-04 14:55:00",0.037,0.3495
"2017-01-04 14:55:00","2017-01-04 21:50:00",-0.4633,0.6664
"2017-01-04 21:50:00","2017-01-04 22:50:00",-0.0743,0.5998
"2017-01-04 22:50:00","2017-01-04 23:50:00",-0.0558,0.9932
"2017-01-04 23:50:00","2017-01-05 00:50:00",0,0.8939
"2017-01-05 00:50:00","2017-01-05 01:50:00",-0.0372,0.8045
"2017-01-05 01:50:00","2017-01-05 09:20:00",0.2416,0.689
"2017-01-05 09:20:00","2017-01-05 10:35:00",0.0371,0.7805
"2017-01-05 10:35:00","2017-01-05 13:35:00",-0.13,0.7286
"2017-01-05 13:35:00","2017-01-05 14:35:00",0.0372,0.5829
"2017-01-05 14:35:00","2017-01-05 21:30:00",0.1485,0.7065
"2017-01-05 21:30:00","2017-01-05 22:30:00",-0.1113,0.6359
"2017-01-05 22:30:00","2017-01-05 23:30:00",-0.0557,0.8991
"2017-01-05 23:30:00","2017-01-06 00:30:00",0.0928,0.074
"2017-01-06 00:30:00","2017-01-06 01:30:00",-0.0371,0.0999
"2017-01-06 01:30:00","2017-01-06 09:00:00",-0.1115,0.6788
"2017-01-06 09:00:00","2017-01-06 10:00:00",0.2042,0.6694
"2017-01-06 10:00:00","2017-01-06 11:15:00",0.0371,0.6489
"2017-01-06 11:15:00","2017-01-06 14:15:00",-0.1856,0.6707
"2017-01-06 14:15:00","2017-01-06 21:10:00",0.0371,0.6339
"2017-01-06 21:10:00","2017-01-06 22:10:00",0.0743,0.789
"2017-01-06 22:10:00","2017-01-06 23:10:00",0,0.7101
"2017-01-06 23:10:00","2017-01-07 00:10:00",-0.0928,0.6391
"2017-01-07 00:10:00","2017-01-07 01:10:00",-0.0372,0.4583
"2017-01-07 01:10:00","2017-01-07 02:10:00",0.0557,0.4125
"2017-01-07 02:10:00","2017-01-09 09:40:00",0.2041,0.6929
"2017-01-09 09:40:00","2017-01-09 10:55:00",-0.0371,0.8425
"2017-01-09 10:55:00","2017-01-09 13:55:00",-0.0371,0.8192
"2017-01-09 13:55:00","2017-01-09 14:55:00",0.0556,0.777
"2017-01-09 14:55:00","2017-01-09 21:50:00",0.4254,0.7561
"2017-01-09 21:50:00","2017-01-09 22:50:00",-0.1293,0.6805
"2017-01-09 22:50:00","2017-01-09 23:50:00",0.0185,0.6941
"2017-01-09 23:50:00","2017-01-10 00:50:00",0.2583,0.9812
"2017-01-10 00:50:00","2017-01-10 01:50:00",-0.0369,0.8788
"2017-01-10 01:50:00","2017-01-10 09:20:00",-0.0369,0.6935
"2017-01-10 09:20:00","2017-01-10 10:35:00",0.0369,0.766
"2017-01-10 10:35:00","2017-01-10 13:35:00",0.1658,0.7778
"2017-01-10 13:35:00","2017-01-10 14:35:00",0.0736,0.7556
"2017-01-10 14:35:00","2017-01-10 21:30:00",-0.2947,0.7756
"2017-01-10 21:30:00","2017-01-10 22:30:00",0.3131,0.698
"2017-01-10 22:30:00","2017-01-10 23:30:00",0.0184,0.6282
"2017-01-10 23:30:00","2017-01-11 00:30:00",0,0.9994
"2017-01-11 00:30:00","2017-01-11 01:30:00",-0.184,0.1239
"2017-01-11 01:30:00","2017-01-11 09:00:00",0.0736,0.6873
"2017-01-11 09:00:00","2017-01-11 10:00:00",0.0552,0.8262
"2017-01-11 10:00:00","2017-01-11 11:15:00",-0.0552,0.7256
"2017-01-11 11:15:00","2017-01-11 14:15:00",0.0184,0.8423
"2017-01-11 14:15:00","2017-01-11 21:10:00",-0.0552,0.6595
"2017-01-11 21:10:00","2017-01-11 22:10:00",-0.4059,0.501
"2017-01-11 22:10:00","2017-01-11 23:10:00",-0.5376,0.9252
"2017-01-11 23:10:00","2017-01-12 00:10:00",0.0929,0.8633
"2017-01-12 00:10:00","2017-01-12 01:10:00",0.2967,0.0258
"2017-01-12 01:10:00","2017-01-12 02:10:00",0.6275,0.8752
"2017-01-12 02:10:00","2017-01-12 09:40:00",0.0552,0.7474
"2017-01-12 09:40:00","2017-01-12 10:55:00",0.0184,0.6998
"2017-01-12 10:55:00","2017-01-12 13:55:00",0,0.662
"2017-01-12 13:55:00","2017-01-12 14:55:00",0.1102,0.7872
"2017-01-12 14:55:00","2017-01-12 21:50:00",-0.2943,0.7783
"2017-01-12 21:50:00","2017-01-12 22:50:00",0.2392,0.7005
"2017-01-12 22:50:00","2017-01-12 23:50:00",-0.1103,0.6305
"2017-01-12 23:50:00","2017-01-13 00:50:00",0.0736,0.5675
"2017-01-13 00:50:00","2017-01-13 01:50:00",-0.1288,0.5108
"2017-01-13 01:50:00","2017-01-13 09:20:00",-0.3873,0.4597
"2017-01-13 09:20:00","2017-01-13 10:35:00",0.0739,0.4137
"2017-01-13 10:35:00","2017-01-13 13:35:00",-0.0369,0.3723
"2017-01-13 13:35:00","2017-01-13 14:35:00",0.2398,0.3351
"2017-01-13 14:35:00","2017-01-13 21:30:00",-0.0369,0.3016
"2017-01-13 21:30:00","2017-01-13 22:30:00",-0.1845,0.2714
"2017-01-13 22:30:00","2017-01-13 23:30:00",0.1476,0.2443
"2017-01-13 23:30:00","2017-01-14 00:30:00",-0.1107,0.2199
"2017-01-14 00:30:00","2017-01-14 01:30:00",0.0738,0.1979
"2017-01-14 01:30:00","2017-01-16 09:00:00",0.2027,0.7062
"2017-01-16 09:00:00","2017-01-16 10:00:00",0.0552,0.6356
"2017-01-16 10:00:00","2017-01-16 11:15:00",0.1655,0.6189
"2017-01-16 11:15:00","2017-01-16 14:15:00",0.1652,0.9817
"2017-01-16 14:15:00","2017-01-16 21:10:00",-0.0734,0.8835
"2017-01-16 21:10:00","2017-01-16 22:10:00",-0.0367,0.7952
"2017-01-16 22:10:00","2017-01-16 23:10:00",0.1651,0.7157
"2017-01-16 23:10:00","2017-01-17 00:10:00",-0.055,0.6441
"2017-01-17 00:10:00","2017-01-17 01:10:00",0,0.5797
"2017-01-17 01:10:00","2017-01-17 02:10:00",0,0.5217
"2017-01-17 02:10:00","2017-01-17 09:40:00",0.1466,0.8391
"2017-01-17 09:40:00","2017-01-17 10:55:00",0.1829,0.8276
"2017-01-17 10:55:00","2017-01-17 13:55:00",0.4741,0.7906
"2017-01-17 13:55:00","2017-01-17 14:55:00",-0.091,0.6754
"2017-01-17 14:55:00","2017-01-17 21:50:00",0.0728,0.7283
"2017-01-17 21:50:00","2017-01-17 22:50:00",-0.091,0.6555
"2017-01-17 22:50:00","2017-01-17 23:50:00",-0.1093,0.9877
"2017-01-17 23:50:00","2017-01-18 00:50:00",-0.0365,0.8393
"2017-01-18 00:50:00","2017-01-18 01:50:00",-0.0365,0.8387
"2017-01-18 01:50:00","2017-01-18 09:20:00",0.0547,0.7185
"2017-01-18 09:20:00","2017-01-18 10:35:00",-0.0182,0.7961
"2017-01-18 10:35:00","2017-01-18 13:35:00",-0.2557,0.7484
"2017-01-18 13:35:00","2017-01-18 14:35:00",0.0548,0.594
"2017-01-18 14:35:00","2017-01-18 21:30:00",-0.1829,0.8167
"2017-01-18 21:30:00","2017-01-18 22:30:00",0.1464,0.9458
"2017-01-18 22:30:00","2017-01-18 23:30:00",-0.0183,0.8512
"2017-01-18 23:30:00","2017-01-19 00:30:00",-0.1647,0.6987
"2017-01-19 00:30:00","2017-01-19 01:30:00",0,0.9871
"2017-01-19 01:30:00","2017-01-19 09:00:00",-0.551,0.471
"2017-01-19 09:00:00","2017-01-19 10:00:00",-0.2951,0.7109
"2017-01-19 10:00:00","2017-01-19 11:15:00",0.0554,0.5001
"2017-01-19 11:15:00","2017-01-19 14:15:00",-0.0923,0.6198
"2017-01-19 14:15:00","2017-01-19 21:10:00",0.1846,0.6911
"2017-01-19 21:10:00","2017-01-19 22:10:00",-0.2031,0.7404
"2017-01-19 22:10:00","2017-01-19 23:10:00",-0.037,0.6664
"2017-01-19 23:10:00","2017-01-20 00:10:00",0.1478,0.1458
"2017-01-20 00:10:00","2017-01-20 01:10:00",-0.1108,0.1312
"2017-01-20 01:10:00","2017-01-20 02:10:00",0.1108,0.1181
"2017-01-20 02:10:00","2017-01-20 09:40:00",0.2397,0.6753
"2017-01-20 09:40:00","2017-01-20 10:55:00",0.0368,0.8096
"2017-01-20 10:55:00","2017-01-20 13:55:00",0,0.7425
"2017-01-20 13:55:00","2017-01-20 14:55:00",-0.0737,0.6635
"2017-01-20 14:55:00","2017-01-20 21:50:00",-0.0369,0.6566
"2017-01-20 21:50:00","2017-01-20 22:50:00",-0.2029,0.5909
"2017-01-20 22:50:00","2017-01-20 23:50:00",0.2029,0.5318
"2017-01-20 23:50:00","2017-01-21 00:50:00",0.0184,0.4786
"2017-01-21 00:50:00","2017-01-21 01:50:00",0.0553,0.3792
"2017-01-21 01:50:00","2017-01-23 09:20:00",0.6974,0.7067
"2017-01-23 09:20:00","2017-01-23 10:35:00",-0.0183,0.6451
"2017-01-23 10:35:00","2017-01-23 13:35:00",-0.0732,0.6409
"2017-01-23 13:35:00","2017-01-23 14:35:00",0.0183,0.717
"2017-01-23 14:35:00","2017-01-23 21:30:00",-0.1465,0.7574
"2017-01-23 21:30:00","2017-01-23 22:30:00",-0.1835,0.6817
"2017-01-23 22:30:00","2017-01-23 23:30:00",0.2201,0.6135
"2017-01-23 23:30:00","2017-01-24 00:30:00",0.0183,0.5522
"2017-01-24 00:30:00","2017-01-24 01:30:00",-0.055,0.497
"2017-01-24 01:30:00","2017-01-24 09:00:00",0,0.6423
"2017-01-24 09:00:00","2017-01-24 10:00:00",0.0183,0.6803
"2017-01-24 10:00:00","2017-01-24 11:15:00",0.0183,0.8494
"2017-01-24 11:15:00","2017-01-24 14:15:00",-0.165,0.7756
"2017-01-24 14:15:00","2017-01-24 21:10:00",-0.2389,0.705
"2017-01-24 21:10:00","2017-01-24 22:10:00",0.0919,0.2725
"2017-01-24 22:10:00","2017-01-24 23:10:00",0.1102,0.5773
"2017-01-24 23:10:00","2017-01-25 00:10:00",-0.1102,0.5196
"2017-01-25 00:10:00","2017-01-25 01:10:00",-0.1103,0.9976
"2017-01-25 01:10:00","2017-01-25 02:10:00",-0.0736,0.8978
"2017-01-25 02:10:00","2017-01-25 09:40:00",-0.1474,0.6205
"2017-01-25 09:40:00","2017-01-25 10:55:00",-0.1476,0.7098
"2017-01-25 10:55:00","2017-01-25 13:55:00",-0.4813,0.818
"2017-01-25 13:55:00","2017-01-25 14:55:00",0.0557,0.869
"2017-01-25 14:55:00","2017-01-25 21:50:00",-0.0371,0.7542
"2017-01-25 21:50:00","2017-01-25 22:50:00",-0.8197,0.6788
"2017-01-25 22:50:00","2017-01-25 23:50:00",0.0748,0.6109
"2017-01-25 23:50:00","2017-01-26 00:50:00",0.1867,0.4165
"2017-01-26 00:50:00","2017-01-26 01:50:00",-0.2241,0.3749
"2017-01-26 01:50:00","2017-01-26 09:20:00",0.2614,0.7252
"2017-01-26 09:20:00","2017-01-26 10:35:00",0.0186,0.8496
"2017-01-26 10:35:00","2017-01-26 13:35:00",0.0932,0.7947
"2017-01-26 13:35:00","2017-01-26 14:35:00",-0.2611,0.8777
"2017-01-26 14:35:00","2017-02-03 09:30:00",1.4279,0.6848
"2017-02-03 09:30:00","2017-02-03 10:45:00",-0.0553,0.7486
"2017-02-03 10:45:00","2017-02-03 13:45:00",0,0.7831
"2017-02-03 13:45:00","2017-02-03 14:45:00",0,0.752
"2017-02-03 14:45:00","2017-02-03 21:40:00",0.1289,0.7253
"2017-02-03 21:40:00","2017-02-03 22:40:00",0.0736,0.9993
"2017-02-03 22:40:00","2017-02-03 23:40:00",0.147,0.6096
"2017-02-03 23:40:00","2017-02-04 00:40:00",-0.0184,0.9522
"2017-02-04 00:40:00","2017-02-04 01:40:00",-0.0367,0.857
"2017-02-04 01:40:00","2017-02-06 09:10:00",0.5861,0.7303
"2017-02-06 09:10:00","2017-02-06 10:10:00",0.146,0.7226
"2017-02-06 10:10:00","2017-02-06 11:25:00",0.0182,0.6631
"2017-02-06 11:25:00","2017-02-06 14:25:00",0.0182,0.9161
"2017-02-06 14:25:00","2017-02-06 21:20:00",0.3457,0.6494
"2017-02-06 21:20:00","2017-02-06 22:20:00",-0.0363,0.9476
"2017-02-06 22:20:00","2017-02-06 23:20:00",-0.0727,0.1276
"2017-02-06 23:20:00","2017-02-07 00:20:00",0.0909,0.1148
"2017-02-07 00:20:00","2017-02-07 01:20:00",0.0363,0.2374
"2017-02-07 01:20:00","2017-02-07 02:20:00",0.0363,0.2137
"2017-02-07 02:20:00","2017-02-07 09:50:00",0,0.6318
"2017-02-07 09:50:00","2017-02-07 11:05:00",0.0726,0.8612
"2017-02-07 11:05:00","2017-02-07 14:05:00",0.2718,0.7462
"2017-02-07 14:05:00","2017-02-07 21:00:00",-0.0362,0.6411
"2017-02-07 21:00:00","2017-02-07 22:00:00",-0.0543,0.577
"2017-02-07 22:00:00","2017-02-07 23:00:00",0.1086,0.5193
"2017-02-07 23:00:00","2017-02-08 00:00:00",0.2168,0.6791
"2017-02-08 00:00:00","2017-02-08 01:00:00",-0.0542,0.2997
"2017-02-08 01:00:00","2017-02-08 02:00:00",0.1263,0.653
"2017-02-08 02:00:00","2017-02-08 09:30:00",-0.0722,0.6312
"2017-02-08 09:30:00","2017-02-08 10:45:00",0,0.5049
"2017-02-08 10:45:00","2017-02-08 13:45:00",-0.0361,0.8462
"2017-02-08 13:45:00","2017-02-08 14:45:00",-0.0722,0.8106
"2017-02-08 14:45:00","2017-02-08 21:40:00",0.5766,0.732
"2017-02-08 21:40:00","2017-02-08 22:40:00",0.1795,0.6588
"2017-02-08 22:40:00","2017-02-08 23:40:00",-0.0538,1
"2017-02-08 23:40:00","2017-02-09 00:40:00",0.0359,0.9
"2017-02-09 00:40:00","2017-02-09 01:40:00",0.0179,0.772
"2017-02-09 01:40:00","2017-02-09 09:10:00",-0.1975,0.7477
"2017-02-09 09:10:00","2017-02-09 10:10:00",0.018,0.6772
"2017-02-09 10:10:00","2017-02-09 11:25:00",0.0359,0.7636
"2017-02-09 11:25:00","2017-02-09 14:25:00",-0.018,0.756
"2017-02-09 14:25:00","2017-02-09 21:20:00",-0.1078,0.75
"2017-02-09 21:20:00","2017-02-09 22:20:00",0.1438,0.9371
"2017-02-09 22:20:00","2017-02-09 23:20:00",-0.5041,0.9719
"2017-02-09 23:20:00","2017-02-10 00:20:00",-0.0361,0.9906
"2017-02-10 00:20:00","2017-02-10 01:20:00",-0.0361,0.1972
"2017-02-10 01:20:00","2017-02-10 02:20:00",0.1804,0.9692
"2017-02-10 02:20:00","2017-02-10 09:50:00",-0.7964,0.7805
"2017-02-10 09:50:00","2017-02-10 11:05:00",0.0545,0.7909
"2017-02-10 11:05:00","2017-02-10 14:05:00",-0.0363,0.9528
"2017-02-10 14:05:00","2017-02-10 21:00:00",0.1997,0.7927
"2017-02-10 21:00:00","2017-02-10 22:00:00",-0.0363,0.9318
"2017-02-10 22:00:00","2017-02-10 23:00:00",0.2536,0.8386
"2017-02-10 23:00:00","2017-02-11 00:00:00",0.0723,0.7547
"2017-02-11 00:00:00","2017-02-11 01:00:00",0.1806,0.6792
"2017-02-11 01:00:00","2017-02-11 02:00:00",-0.1445,0.6113
"2017-02-11 02:00:00","2017-02-13 09:30:00",0,0.7526
"2017-02-13 09:30:00","2017-02-13 10:45:00",-0.0181,0.8801
"2017-02-13 10:45:00","2017-02-13 13:45:00",-0.2715,0.8853
"2017-02-13 13:45:00","2017-02-13 14:45:00",0.1811,0.7037
"2017-02-13 14:45:00","2017-02-13 21:40:00",-0.4352,0.681
"2017-02-13 21:40:00","2017-02-13 22:40:00",-0.1819,0.6129
"2017-02-13 22:40:00","2017-02-13 23:40:00",-0.0182,0.5516
"2017-02-13 23:40:00","2017-02-14 00:40:00",0.0364,0.4964
"2017-02-14 00:40:00","2017-02-14 01:40:00",0.1455,0.4468
"2017-02-14 01:40:00","2017-02-14 09:10:00",0.0545,0.634
"2017-02-14 09:10:00","2017-02-14 10:10:00",-0.0182,0.5752
"2017-02-14 10:10:00","2017-02-14 11:25:00",0.1634,0.3983
"2017-02-14 11:25:00","2017-02-14 14:25:00",0.0907,0.636
"2017-02-14 14:25:00","2017-02-14 21:20:00",0.1268,0.706
"2017-02-14 21:20:00","2017-02-14 22:20:00",0.0362,0.1728
"2017-02-14 22:20:00","2017-02-14 23:20:00",-0.4352,0.1555
"2017-02-14 23:20:00","2017-02-15 00:20:00",-0.0182,0.1399
"2017-02-15 00:20:00","2017-02-15 01:20:00",-0.0909,0.1259
"2017-02-15 01:20:00","2017-02-15 02:20:00",-0.0546,0.9187
"2017-02-15 02:20:00","2017-02-15 09:50:00",0.1819,0.6488
"2017-02-15 09:50:00","2017-02-15 11:05:00",-0.0545,0.7162
"2017-02-15 11:05:00","2017-02-15 14:05:00",-0.0364,0.7118
"2017-02-15 14:05:00","2017-02-15 21:00:00",-0.0364,0.6304
"2017-02-15 21:00:00","2017-02-15 22:00:00",-0.2185,0.9857
"2017-02-15 22:00:00","2017-02-15 23:00:00",0.364,0.8871
"2017-02-15 23:00:00","2017-02-16 00:00:00",-0.0909,0.7984
"2017-02-16 00:00:00","2017-02-16 01:00:00",0.2905,0.0771
"2017-02-16 01:00:00","2017-02-16 02:00:00",0.0181,0.4008
"2017-02-16 02:00:00","2017-02-16 09:30:00",0.3438,0.6322
"2017-02-16 09:30:00","2017-02-16 10:45:00",0.0722,0.6581
"2017-02-16 10:45:00","2017-02-16 13:45:00",-0.0903,0.5777
"2017-02-16 13:45:00","2017-02-16 14:45:00",-0.1446,0.6965
"2017-02-16 14:45:00","2017-02-16 21:40:00",0.3251,0.732
"2017-02-16 21:40:00","2017-02-16 22:40:00",0.0901,0.6588
"2017-02-16 22:40:00","2017-02-16 23:40:00",0,0.5837
"2017-02-16 23:40:00","2017-02-17 00:40:00",0.036,0.5253
"2017-02-17 00:40:00","2017-02-17 01:40:00",-0.0721,0.4728
"2017-02-17 01:40:00","2017-02-17 09:10:00",-0.1082,0.7089
"2017-02-17 09:10:00","2017-02-17 10:10:00",0.0361,0.6785
"2017-02-17 10:10:00","2017-02-17 11:25:00",0.1082,0.7645
"2017-02-17 11:25:00","2017-02-17 14:25:00",0.036,0.5474
"2017-02-17 14:25:00","2017-02-17 21:20:00",0.2339,0.8059
"2017-02-17 21:20:00","2017-02-17 22:20:00",-0.1079,0.7253
"2017-02-17 22:20:00","2017-02-17 23:20:00",-0.2161,0.9993
"2017-02-17 23:20:00","2017-02-18 00:20:00",-0.0541,0.8994
"2017-02-18 00:20:00","2017-02-18 01:20:00",0.0721,0.8095
"2017-02-18 01:20:00","2017-02-18 02:20:00",-0.0721,0.6518
"2017-02-18 02:20:00","2017-02-20 09:50:00",-0.1986,0.7842
"2017-02-20 09:50:00","2017-02-20 11:05:00",0.0181,0.8302
"2017-02-20 11:05:00","2017-02-20 14:05:00",-0.0361,0.6131
"2017-02-20 14:05:00","2017-02-20 21:00:00",0.2708,0.6958
"2017-02-20 21:00:00","2017-02-20 22:00:00",0.0361,0.602
"2017-02-20 22:00:00","2017-02-20 23:00:00",-0.0541,0.5418
"2017-02-20 23:00:00","2017-02-21 00:00:00",0.0361,0.4876
"2017-02-21 00:00:00","2017-02-21 01:00:00",0.018,0.8761
"2017-02-21 01:00:00","2017-02-21 02:00:00",-0.0361,0.7885
"2017-02-21 02:00:00","2017-02-21 09:30:00",-0.1804,0.6859
"2017-02-21 09:30:00","2017-02-21 10:45:00",0.0542,0.6754
"2017-02-21 10:45:00","2017-02-21 13:45:00",-0.0542,0.7519
"2017-02-21 13:45:00","2017-02-21 14:45:00",0.1804,0.7084
"2017-02-21 14:45:00","2017-02-21 21:40:00",-0.4155,0.6756
"2017-02-21 21:40:00","2017-02-21 22:40:00",0.1086,0.608
"2017-02-21 22:40:00","2017-02-21 23:40:00",0.2168,0.5472
"2017-02-21 23:40:00","2017-02-22 00:40:00",0.2163,0.8434
"2017-02-22 00:40:00","2017-02-22 01:40:00",0.09,0.7924
"2017-02-22 01:40:00","2017-02-22 09:10:00",-0.09,0.5836
"2017-02-22 09:10:00","2017-02-22 10:10:00",0.036,0.732
"2017-02-22 10:10:00","2017-02-22 11:25:00",-0.1982,0.7389
"2017-02-22 11:25:00","2017-02-22 14:25:00",0,0.7039
"2017-02-22 14:25:00","2017-02-22 21:20:00",0.2881,0.8138
"2017-02-22 21:20:00","2017-02-22 22:20:00",-0.234,0.6503
"2017-02-22 22:20:00","2017-02-22 23:20:00",0.036,0.5853
"2017-02-22 23:20:00","2017-02-23 00:20:00",-0.1984,0.5268
"2017-02-23 00:20:00","2017-02-23 01:20:00",-0.0361,0.9692
"2017-02-23 01:20:00","2017-02-23 02:20:00",0,0.8723
"2017-02-23 02:20:00","2017-02-23 09:50:00",0.3066,0.7635
"2017-02-23 09:50:00","2017-02-23 11:05:00",0,0.7389
"2017-02-23 11:05:00","2017-02-23 14:05:00",-0.054,0.8034
"2017-02-23 14:05:00","2017-02-23 21:00:00",0.3776,0.7666
"2017-02-23 21:00:00","2017-02-23 22:00:00",0.3583,0.9796
"2017-02-23 22:00:00","2017-02-23 23:00:00",0.1072,0.8816
"2017-02-23 23:00:00","2017-02-24 00:00:00",0.0714,0.9747
"2017-02-24 00:00:00","2017-02-24 01:00:00",-0.0357,0.9964
"2017-02-24 01:00:00","2017-02-24 02:00:00",0.0357,0.9952
"2017-02-24 02:00:00","2017-02-24 09:30:00",-0.0179,0.6944
"2017-02-24 09:30:00","2017-02-24 10:45:00",0.1606,0.7406
"2017-02-24 10:45:00","2017-02-24 13:45:00",0.0535,0.7864
"2017-02-24 13:45:00","2017-02-24 14:45:00",0.2491,0.6068
"2017-02-24 14:45:00","2017-02-24 21:40:00",0.2839,0.7662
"2017-02-24 21:40:00","2017-02-24 22:40:00",-0.4974,0.6896
"2017-02-24 22:40:00","2017-02-24 23:40:00",0.249,0.6206
"2017-02-24 23:40:00","2017-02-25 00:40:00",0.071,0.5585
"2017-02-25 00:40:00","2017-02-25 01:40:00",-0.0355,0.5027
"2017-02-25 01:40:00","2017-02-27 09:10:00",0.1065,0.5787
"2017-02-27 09:10:00","2017-02-27 10:10:00",0.0177,0.8247
"2017-02-27 10:10:00","2017-02-27 11:25:00",0.0709,0.7401
"2017-02-27 11:25:00","2017-02-27 14:25:00",0,0.8017
"2017-02-27 14:25:00","2017-02-27 21:20:00",-0.1774,0.7967
"2017-02-27 21:20:00","2017-02-27 22:20:00",0.1242,0.0899
"2017-02-27 22:20:00","2017-02-27 23:20:00",0.1772,0.0809
"2017-02-27 23:20:00","2017-02-28 00:20:00",0.2299,0.9862
"2017-02-28 00:20:00","2017-02-28 01:20:00",-0.053,0.8876
"2017-02-28 01:20:00","2017-02-28 02:20:00",-0.3186,0.7988
"2017-02-28 02:20:00","2017-02-28 09:50:00",-0.284,0.664
"2017-02-28 09:50:00","2017-02-28 11:05:00",-0.0178,0.7767
"2017-02-28 11:05:00","2017-02-28 14:05:00",0.0178,0.7111
"2017-02-28 14:05:00","2017-02-28 21:00:00",-0.0356,0.7683
"2017-02-28 21:00:00","2017-02-28 22:00:00",0.1599,0.6926
"2017-02-28 22:00:00","2017-02-28 23:00:00",0.0355,0.6233
"2017-02-28 23:00:00","2017-03-01 00:00:00",-0.071,0.6853
"2017-03-01 00:00:00","2017-03-01 01:00:00",-0.0711,0.6384
"2017-03-01 01:00:00","2017-03-01 02:00:00",-0.0711,0.5746
"2017-03-01 02:00:00","2017-03-01 09:30:00",-0.7678,0.672
"2017-03-01 09:30:00","2017-03-01 10:45:00",0.3221,0.5875
"2017-03-01 10:45:00","2017-03-01 13:45:00",-0.1609,0.8118
"2017-03-01 13:45:00","2017-03-01 14:45:00",-0.0895,0.9034
"2017-03-01 14:45:00","2017-03-01 21:40:00",-0.1613,0.5853
"2017-03-01 21:40:00","2017-03-01 22:40:00",0.0538,0.9913
"2017-03-01 22:40:00","2017-03-01 23:40:00",0.2149,0.8922
"2017-03-01 23:40:00","2017-03-02 00:40:00",0.0894,0.0685
"2017-03-02 00:40:00","2017-03-02 01:40:00",0.0179,0.0617
"2017-03-02 01:40:00","2017-03-02 09:10:00",0.0179,0.7766
"2017-03-02 09:10:00","2017-03-02 10:10:00",-0.0357,0.5687
"2017-03-02 10:10:00","2017-03-02 11:25:00",0,0.8259
"2017-03-02 11:25:00","2017-03-02 14:25:00",-0.0537,0.6767
"2017-03-02 14:25:00","2017-03-02 21:20:00",-0.3404,0.5842
"2017-03-02 21:20:00","2017-03-02 22:20:00",-0.1077,0.8756
"2017-03-02 22:20:00","2017-03-02 23:20:00",0.2691,0.788
"2017-03-02 23:20:00","2017-03-03 00:20:00",-0.2152,0.7092
"2017-03-03 00:20:00","2017-03-03 01:20:00",-0.3778,0.2641
"2017-03-03 01:20:00","2017-03-03 02:20:00",-0.0361,0.2377
"2017-03-03 02:20:00","2017-03-03 09:50:00",0.0361,0.5532
"2017-03-03 09:50:00","2017-03-03 11:05:00",0.036,0.4414
"2017-03-03 11:05:00","2017-03-03 14:05:00",-0.0901,0.5442
"2017-03-03 14:05:00","2017-03-03 21:00:00",0.018,0.5567
"2017-03-03 21:00:00","2017-03-03 22:00:00",-0.0721,0.8084
"2017-03-03 22:00:00","2017-03-03 23:00:00",-0.0722,0.7276
"2017-03-03 23:00:00","2017-03-04 00:00:00",0,0.6548
"2017-03-04 00:00:00","2017-03-04 01:00:00",0.0181,0.6855
"2017-03-04 01:00:00","2017-03-04 02:00:00",0.1263,0.1637
"2017-03-04 02:00:00","2017-03-06 09:30:00",0.1801,0.7292
"2017-03-06 09:30:00","2017-03-06 10:45:00",-0.018,0.6278
"2017-03-06 10:45:00","2017-03-06 13:45:00",-0.036,0.6214
"2017-03-06 13:45:00","2017-03-06 14:45:00",-0.0721,0.7623
"2017-03-06 14:45:00","2017-03-06 21:40:00",0.0901,0.4798
"2017-03-06 21:40:00","2017-03-06 22:40:00",-0.1442,0.4318
"2017-03-06 22:40:00","2017-03-06 23:40:00",-0.0541,0.2247
"2017-03-06 23:40:00","2017-03-07 00:40:00",-0.1444,0.2022
"2017-03-07 00:40:00","2017-03-07 01:40:00",0,0.182
"2017-03-07 01:40:00","2017-03-07 09:10:00",-0.0904,0.7491
"2017-03-07 09:10:00","2017-03-07 10:10:00",0,0.8174
"2017-03-07 10:10:00","2017-03-07 11:25:00",-0.0181,0.7037
"2017-03-07 11:25:00","2017-03-07 14:25:00",0.0362,0.5514
"2017-03-07 14:25:00","2017-03-07 21:20:00",-0.3623,0.6874
"2017-03-07 21:20:00","2017-03-07 22:20:00",-0.0726,0.996
"2017-03-07 22:20:00","2017-03-07 23:20:00",-0.1272,0.8964
"2017-03-07 23:20:00","2017-03-08 00:20:00",-0.0182,0.8068
"2017-03-08 00:20:00","2017-03-08 01:20:00",0.0545,0.9958
"2017-03-08 01:20:00","2017-03-08 02:20:00",-0.2001,0.8962
"2017-03-08 02:20:00","2017-03-08 09:50:00",0.182,0.4989
"2017-03-08 09:50:00","2017-03-08 11:05:00",-0.0909,0.7188
"2017-03-08 11:05:00","2017-03-08 14:05:00",0.0182,0.752
"2017-03-08 14:05:00","2017-03-08 21:00:00",-0.2003,0.6788
"2017-03-08 21:00:00","2017-03-08 22:00:00",-0.2372,0.7959
"2017-03-08 22:00:00","2017-03-08 23:00:00",0.1461,0.9553
"2017-03-08 23:00:00","2017-03-09 00:00:00",-0.1461,0.9769
"2017-03-09 00:00:00","2017-03-09 01:00:00",0.1643,0.8792
"2017-03-09 01:00:00","2017-03-09 02:00:00",-0.1095,0.7913
"2017-03-09 02:00:00","2017-03-09 09:30:00",-0.0913,0.729
"2017-03-09 09:30:00","2017-03-09 10:45:00",0,0.7054
"2017-03-09 10:45:00","2017-03-09 13:45:00",-0.1646,0.6135
"2017-03-09 13:45:00","2017-03-09 14:45:00",-0.0366,0.6647
"2017-03-09 14:45:00","2017-03-09 21:40:00",0.0915,0.7301
"2017-03-09 21:40:00","2017-03-09 22:40:00",0.0549,0.6571
"2017-03-09 22:40:00","2017-03-09 23:40:00",-0.1647,0.5914
"2017-03-09 23:40:00","2017-03-10 00:40:00",-0.0183,0.0818
"2017-03-10 00:40:00","2017-03-10 01:40:00",-0.0183,0.7318
"2017-03-10 01:40:00","2017-03-10 09:10:00",-0.4408,0.6223
"2017-03-10 09:10:00","2017-03-10 10:10:00",-0.0552,0.5601
"2017-03-10 10:10:00","2017-03-10 11:25:00",-0.1474,0.9011
"2017-03-10 11:25:00","2017-03-10 14:25:00",0.0369,0.6231
"2017-03-10 14:25:00","2017-03-10 21:20:00",0.0184,0.7179
"2017-03-10 21:20:00","2017-03-10 22:20:00",0.4047,0.6121
"2017-03-10 22:20:00","2017-03-10 23:20:00",0.0184,0.9968
"2017-03-10 23:20:00","2017-03-11 00:20:00",-0.3309,0.8871
"2017-03-11 00:20:00","2017-03-11 01:20:00",0.1104,0.3895
"2017-03-11 01:20:00","2017-03-11 02:20:00",0.0368,0.7604
"2017-03-11 02:20:00","2017-03-13 09:50:00",0.2755,0.6394
"2017-03-13 09:50:00","2017-03-13 11:05:00",0.0367,0.8491
"2017-03-13 11:05:00","2017-03-13 14:05:00",0.1832,0.9374
"2017-03-13 14:05:00","2017-03-13 21:00:00",-0.1465,0.7813
"2017-03-13 21:00:00","2017-03-13 22:00:00",0,0.7032
"2017-03-13 22:00:00","2017-03-13 23:00:00",-0.0367,0.6782
"2017-03-13 23:00:00","2017-03-14 00:00:00",0.0367,0.6104
"2017-03-14 00:00:00","2017-03-14 01:00:00",-0.0733,0.3335
"2017-03-14 01:00:00","2017-03-14 02:00:00",-0.0183,0.7685
"2017-03-14 02:00:00","2017-03-14 09:30:00",0.0367,0.5285
"2017-03-14 09:30:00","2017-03-14 10:45:00",0.0183,0.4756
"2017-03-14 10:45:00","2017-03-14 13:45:00",-0.055,0.8037
"2017-03-14 13:45:00","2017-03-14 14:45:00",-0.0918,0.858
"2017-03-14 14:45:00","2017-03-14 21:40:00",0.0367,0.7124
"2017-03-14 21:40:00","2017-03-14 22:40:00",0.1834,0.9952
"2017-03-14 22:40:00","2017-03-14 23:40:00",-0.055,0.9995
"2017-03-14 23:40:00","2017-03-15 00:40:00",-0.0183,0.6267
"2017-03-15 00:40:00","2017-03-15 01:40:00",-0.0734,0.8715
"2017-03-15 01:40:00","2017-03-15 09:10:00",-0.1101,0.5638
"2017-03-15 09:10:00","2017-03-15 10:10:00",-0.0735,0.5026
"2017-03-15 10:10:00","2017-03-15 11:25:00",0.0919,0.6821
"2017-03-15 11:25:00","2017-03-15 14:25:00",0.1101,0.8292
"2017-03-15 14:25:00","2017-03-15 21:20:00",-0.2203,0.8293
"2017-03-15 21:20:00","2017-03-15 22:20:00",0.0184,0.7464
"2017-03-15 22:20:00","2017-03-15 23:20:00",-0.0184,0.6718
"2017-03-15 23:20:00","2017-03-16 00:20:00",-0.0184,0.6533
"2017-03-16 00:20:00","2017-03-16 01:20:00",0.1286,0.6732
"2017-03-16 01:20:00","2017-03-16 02:20:00",0.9139,0.8202
"2017-03-16 02:20:00","2017-03-16 09:50:00",0.689,0.602
"2017-03-16 09:50:00","2017-03-16 11:05:00",-0.0181,0.2893
"2017-03-16 11:05:00","2017-03-16 14:05:00",0.1264,0.6867
"2017-03-16 14:05:00","2017-03-16 21:00:00",0.1984,0.6146
"2017-03-16 21:00:00","2017-03-16 22:00:00",-0.2706,0.9099
"2017-03-16 22:00:00","2017-03-16 23:00:00",0.1083,0.8189
"2017-03-16 23:00:00","2017-03-17 00:00:00",-0.0181,0.737
"2017-03-17 00:00:00","2017-03-17 01:00:00",0.0181,0.0325
"2017-03-17 01:00:00","2017-03-17 02:00:00",-0.1264,0.9948
"2017-03-17 02:00:00","2017-03-17 09:30:00",0.0181,0.7682
"2017-03-17 09:30:00","2017-03-17 10:45:00",0.0542,0.6914
"2017-03-17 10:45:00","2017-03-17 13:45:00",0.0361,0.6223
"2017-03-17 13:45:00","2017-03-17 14:45:00",-0.018,0.4932
"2017-03-17 14:45:00","2017-03-17 21:40:00",0.1263,0.5793
"2017-03-17 21:40:00","2017-03-17 22:40:00",-0.0361,0.9691
"2017-03-17 22:40:00","2017-03-17 23:40:00",0,0.6043
"2017-03-17 23:40:00","2017-03-18 00:40:00",-0.0722,0.5439
"2017-03-18 00:40:00","2017-03-18 01:40:00",0.0541,0.1857
"2017-03-18 01:40:00","2017-03-20 09:10:00",0.2522,0.692
"2017-03-20 09:10:00","2017-03-20 10:10:00",0.1438,0.599
"2017-03-20 10:10:00","2017-03-20 11:25:00",0.0539,0.5973
"2017-03-20 11:25:00","2017-03-20 14:25:00",-0.0359,0.7746
"2017-03-20 14:25:00","2017-03-20 21:20:00",-0.1618,0.6269
"2017-03-20 21:20:00","2017-03-20 22:20:00",0.036,0.3931
"2017-03-20 22:20:00","2017-03-20 23:20:00",0.0719,0.3538
"2017-03-20 23:20:00","2017-03-21 00:20:00",-0.018,0.3972
"2017-03-21 00:20:00","2017-03-21 01:20:00",0.0898,0.3575
"2017-03-21 01:20:00","2017-03-21 02:20:00",0,0.6083
"2017-03-21 02:20:00","2017-03-21 09:50:00",-0.4139,0.59
"2017-03-21 09:50:00","2017-03-21 11:05:00",-0.0722,0.7374
"2017-03-21 11:05:00","2017-03-21 14:05:00",0.1263,0.6896
"2017-03-21 14:05:00","2017-03-21 21:00:00",0.1261,0.7121
"2017-03-21 21:00:00","2017-03-21 22:00:00",0.3953,0.7885
"2017-03-21 22:00:00","2017-03-21 23:00:00",0,0.7097
"2017-03-21 23:00:00","2017-03-22 00:00:00",0.1791,0.9192
"2017-03-22 00:00:00","2017-03-22 01:00:00",0.1073,0.8273
"2017-03-22 01:00:00","2017-03-22 02:00:00",0.0358,0.7446
"2017-03-22 02:00:00","2017-03-22 09:30:00",-0.0536,0.709
"2017-03-22 09:30:00","2017-03-22 10:45:00",0.0894,0.7991
"2017-03-22 10:45:00","2017-03-22 13:45:00",-0.1251,0.7439
"2017-03-22 13:45:00","2017-03-22 14:45:00",0.1609,0.6473
"2017-03-22 14:45:00","2017-03-22 21:40:00",-0.2325,0.655
"2017-03-22 21:40:00","2017-03-22 22:40:00",0.1252,0.8211
"2017-03-22 22:40:00","2017-03-22 23:40:00",-0.0537,0.9934
"2017-03-22 23:40:00","2017-03-23 00:40:00",0.1073,0.9999
"2017-03-23 00:40:00","2017-03-23 01:40:00",0.0536,0.6066
"2017-03-23 01:40:00","2017-03-23 09:10:00",-0.2325,0.7175
"2017-03-23 09:10:00","2017-03-23 10:10:00",-0.0358,0.6805
"2017-03-23 10:10:00","2017-03-23 11:25:00",0.1432,0.6127
"2017-03-23 11:25:00","2017-03-23 14:25:00",-0.0179,0.7149
"2017-03-23 14:25:00","2017-03-23 21:20:00",0.2501,0.7219
"2017-03-23 21:20:00","2017-03-23 22:20:00",-0.3396,0.9426
"2017-03-23 22:20:00","2017-03-23 23:20:00",-0.2689,0.8483
"2017-03-23 23:20:00","2017-03-24 00:20:00",0.0538,0.7635
"2017-03-24 00:20:00","2017-03-24 01:20:00",0.2866,0.9408
"2017-03-24 01:20:00","2017-03-24 02:20:00",-0.1432,0.8467
"2017-03-24 02:20:00","2017-03-24 09:50:00",-0.0717,0.6988
"2017-03-24 09:50:00","2017-03-24 11:05:00",0.0538,0.7742
"2017-03-24 11:05:00","2017-03-24 14:05:00",0,0.7643
"2017-03-24 14:05:00","2017-03-24 21:00:00",0,0.7264
"2017-03-24 21:00:00","2017-03-24 22:00:00",0.1253,0.4955
"2017-03-24 22:00:00","2017-03-24 23:00:00",0,0.3173
"2017-03-24 23:00:00","2017-03-25 00:00:00",0.0894,0.999
"2017-03-25 00:00:00","2017-03-25 01:00:00",0,0.9994
"2017-03-25 01:00:00","2017-03-25 02:00:00",0,0.8995
"2017-03-25 02:00:00","2017-03-27 09:30:00",0.5527,0.6391
"2017-03-27 09:30:00","2017-03-27 10:45:00",0.0711,0.8774
"2017-03-27 10:45:00","2017-03-27 13:45:00",0.0888,0.6603
"2017-03-27 13:45:00","2017-03-27 14:45:00",0.1242,0.8722
"2017-03-27 14:45:00","2017-03-27 21:40:00",0,0.7051
"2017-03-27 21:40:00","2017-03-27 22:40:00",-0.2308,0.7386
"2017-03-27 22:40:00","2017-03-27 23:40:00",0.0355,0.9999
"2017-03-27 23:40:00","2017-03-28 00:40:00",0.0178,0.8999
"2017-03-28 00:40:00","2017-03-28 01:40:00",0.0355,0.8099
"2017-03-28 01:40:00","2017-03-28 09:10:00",-0.0355,0.5754
"2017-03-28 09:10:00","2017-03-28 10:10:00",-0.0355,0.6055
"2017-03-28 10:10:00","2017-03-28 11:25:00",0.0178,0.7892
"2017-03-28 11:25:00","2017-03-28 14:25:00",-0.1067,0.4535
"2017-03-28 14:25:00","2017-03-28 21:20:00",0.2664,0.7269
"2017-03-28 21:20:00","2017-03-28 22:20:00",0,0.7306
"2017-03-28 22:20:00","2017-03-28 23:20:00",-0.0355,0.1766
"2017-03-28 23:20:00","2017-03-29 00:20:00",-0.0532,0.1589
"2017-03-29 00:20:00","2017-03-29 01:20:00",0.0532,1
"2017-03-29 01:20:00","2017-03-29 02:20:00",-0.4802,0.9154
"2017-03-29 02:20:00","2017-03-29 09:50:00",-0.107,0.6655
"2017-03-29 09:50:00","2017-03-29 11:05:00",0.0357,0.7368
"2017-03-29 11:05:00","2017-03-29 14:05:00",0.0713,0.7686
"2017-03-29 14:05:00","2017-03-29 21:00:00",0.2137,0.729
"2017-03-29 21:00:00","2017-03-29 22:00:00",-0.1246,0.4718
"2017-03-29 22:00:00","2017-03-29 23:00:00",0.0178,0.4246
"2017-03-29 23:00:00","2017-03-30 00:00:00",0,0.3821
"2017-03-30 00:00:00","2017-03-30 01:00:00",0.0356,0.21
"2017-03-30 01:00:00","2017-03-30 02:00:00",0.0178,0.189
"2017-03-30 02:00:00","2017-03-30 09:30:00",-0.1782,0.7121
"2017-03-30 09:30:00","2017-03-30 10:45:00",-0.0535,0.8809
"2017-03-30 10:45:00","2017-03-30 13:45:00",0.0713,0.9031
"2017-03-30 13:45:00","2017-03-30 14:45:00",0.0713,0.8922
"2017-03-30 14:45:00","2017-03-30 21:40:00",-0.2497,0.7416
"2017-03-30 21:40:00","2017-03-30 22:40:00",0.0179,0.6674
"2017-03-30 22:40:00","2017-03-30 23:40:00",0,0.3015
"2017-03-30 23:40:00","2017-03-31 00:40:00",-0.0179,0.2713
"2017-03-31 00:40:00","2017-03-31 01:40:00",-0.2504,0.9953
"2017-03-31 01:40:00","2017-03-31 09:10:00",-0.233,0.6415
"2017-03-31 09:10:00","2017-03-31 10:10:00",-0.0718,0.7704
"2017-03-31 10:10:00","2017-03-31 11:25:00",0.0718,0.7334
"2017-03-31 11:25:00","2017-03-31 14:25:00",0.0538,0.6773
"2017-03-31 14:25:00","2017-04-05 09:20:00",0.8395,0.7066
"2017-04-05 09:20:00","2017-04-05 10:35:00",0,0.732
"2017-04-05 10:35:00","2017-04-05 13:35:00",0.0178,0.7454
"2017-04-05 13:35:00","2017-04-05 14:35:00",-0.0178,0.7857
"2017-04-05 14:35:00","2017-04-05 21:30:00",-0.4278,0.5865
"2017-04-05 21:30:00","2017-04-05 22:30:00",0.125,0.7206
"2017-04-05 22:30:00","2017-04-05 23:30:00",-0.125,0.1843
"2017-04-05 23:30:00","2017-04-06 00:30:00",-0.0357,0.9758
"2017-04-06 00:30:00","2017-04-06 01:30:00",0.0179,0.8782
"2017-04-06 01:30:00","2017-04-06 09:00:00",0.4101,0.6498
"2017-04-06 09:00:00","2017-04-06 10:00:00",0.0889,0.8237
"2017-04-06 10:00:00","2017-04-06 11:15:00",0,0.7837
"2017-04-06 11:15:00","2017-04-06 14:15:00",0,0.7974
"2017-04-06 14:15:00","2017-04-06 21:10:00",-0.1245,0.7186
"2017-04-06 21:10:00","2017-04-06 22:10:00",0,0.8071
"2017-04-06 22:10:00","2017-04-06 23:10:00",-0.0712,0.7264
"2017-04-06 23:10:00","2017-04-07 00:10:00",0,0.6538
"2017-04-07 00:10:00","2017-04-07 01:10:00",-0.0178,0.5093
"2017-04-07 01:10:00","2017-05-02 09:00:00",1.2922,0.7021
"2017-05-02 09:00:00","2017-05-02 10:00:00",-0.1408,0.7688
"2017-05-02 10:00:00","2017-05-02 11:15:00",0.0176,0.6738
"2017-05-02 11:15:00","2017-05-02 14:15:00",-0.0352,0.7189
"2017-05-02 14:15:00","2017-05-02 21:10:00",-0.2293,0.7691
"2017-05-02 21:10:00","2017-05-02 22:10:00",0.0706,0.9892
"2017-05-02 22:10:00","2017-05-02 23:10:00",-0.0176,0.8998
"2017-05-02 23:10:00","2017-05-03 00:10:00",0.0529,0.8098
"2017-05-03 00:10:00","2017-05-03 01:10:00",0.0176,0.6835
"2017-05-03 01:10:00","2017-05-03 02:10:00",-0.0176,0.6151
"2017-05-03 02:10:00","2017-05-03 09:40:00",0,0.6255
"2017-05-03 09:40:00","2017-05-03 10:55:00",0.0176,0.8005
"2017-05-03 10:55:00","2017-05-03 13:55:00",-0.0706,0.8811
"2017-05-03 13:55:00","2017-05-03 14:55:00",-0.0177,0.7012
"2017-05-03 14:55:00","2017-05-03 21:50:00",-0.0883,0.7331
"2017-05-03 21:50:00","2017-05-03 22:50:00",-0.1237,0.6598
"2017-05-03 22:50:00","2017-05-03 23:50:00",-0.1062,0.7588
"2017-05-03 23:50:00","2017-05-04 00:50:00",-0.0354,0.8919
"2017-05-04 00:50:00","2017-05-04 01:50:00",0.0885,0.8027
"2017-05-04 01:50:00","2017-05-04 09:20:00",-0.5501,0.566
"2017-05-04 09:20:00","2017-05-04 10:35:00",-0.0534,0.4516
"2017-05-04 10:35:00","2017-05-04 13:35:00",-0.196,0.6172
"2017-05-04 13:35:00","2017-05-04 14:35:00",-0.4649,0.7627
"2017-05-04 14:35:00","2017-05-04 21:30:00",-0.485,0.7237
"2017-05-04 21:30:00","2017-05-04 22:30:00",0.2698,0.5806
"2017-05-04 22:30:00","2017-05-04 23:30:00",-0.1618,0.0034
"2017-05-04 23:30:00","2017-05-05 00:30:00",0.2156,0.9857
"2017-05-05 00:30:00","2017-05-05 01:30:00",-0.1797,0.9668
"2017-05-05 01:30:00","2017-05-05 09:00:00",-0.0719,0.7219
"2017-05-05 09:00:00","2017-05-05 10:00:00",0,0.6172
"2017-05-05 10:00:00","2017-05-05 11:15:00",0.018,0.7372
"2017-05-05 11:15:00","2017-05-05 14:15:00",0.4309,0.7322
"2017-05-05 14:15:00","2017-05-05 21:10:00",-0.1614,0.7215
"2017-05-05 21:10:00","2017-05-05 22:10:00",-0.1616,0.9642
"2017-05-05 22:10:00","2017-05-05 23:10:00",0.0359,0.8678
"2017-05-05 23:10:00","2017-05-06 00:10:00",0.018,0.781
"2017-05-06 00:10:00","2017-05-06 01:10:00",0,0.0602
"2017-05-06 01:10:00","2017-05-06 02:10:00",0.0359,0.9323
"2017-05-06 02:10:00","2017-05-08 09:40:00",0.0897,0.7707
"2017-05-08 09:40:00","2017-05-08 10:55:00",0,0.8263
"2017-05-08 10:55:00","2017-05-08 13:55:00",-0.0359,0.7217
"2017-05-08 13:55:00","2017-05-08 14:55:00",-0.0359,0.7538
"2017-05-08 14:55:00","2017-05-08 21:50:00",0.2152,0.6811
"2017-05-08 21:50:00","2017-05-08 22:50:00",-0.1434,0.9984
"2017-05-08 22:50:00","2017-05-08 23:50:00",-0.0179,0.4078
"2017-05-08 23:50:00","2017-05-09 00:50:00",-0.0538,0.5036
"2017-05-09 00:50:00","2017-05-09 01:50:00",-0.0718,0.4532
"2017-05-09 01:50:00","2017-05-09 09:20:00",0.0718,0.5827
"2017-05-09 09:20:00","2017-05-09 10:35:00",0.0179,0.7263
"2017-05-09 10:35:00","2017-05-09 13:35:00",-0.0898,0.6946
"2017-05-09 13:35:00","2017-05-09 14:35:00",-0.0539,0.6625
"2017-05-09 14:35:00","2017-05-09 21:30:00",-0.4685,0.7092
"2017-05-09 21:30:00","2017-05-09 22:30:00",-0.1627,0.3886
"2017-05-09 22:30:00","2017-05-09 23:30:00",0.0543,0.7477
"2017-05-09 23:30:00","2017-05-10 00:30:00",-0.0723,0.6729
"2017-05-10 00:30:00","2017-05-10 01:30:00",-0.0905,0.9651
"2017-05-10 01:30:00","2017-05-10 09:00:00",0.2713,0.4853
"2017-05-10 09:00:00","2017-05-10 10:00:00",0.0181,0.7222
"2017-05-10 10:00:00","2017-05-10 11:15:00",0.0361,0.7432
"2017-05-10 11:15:00","2017-05-10 14:15:00",0,0.7297
"2017-05-10 14:15:00","2017-05-10 21:10:00",0.1803,0.7674
"2017-05-10 21:10:00","2017-05-10 22:10:00",-0.036,0.3682
"2017-05-10 22:10:00","2017-05-10 23:10:00",-0.1623,0.3314
"2017-05-10 23:10:00","2017-05-11 00:10:00",0.0361,0.253
"2017-05-11 00:10:00","2017-05-11 01:10:00",-0.1083,0.2277
"2017-05-11 01:10:00","2017-05-11 02:10:00",-0.0723,0.3111
"2017-05-11 02:10:00","2017-05-11 09:40:00",0.1265,0.6289
"2017-05-11 09:40:00","2017-05-11 10:55:00",0.0181,0.5774
"2017-05-11 10:55:00","2017-05-11 13:55:00",0.1263,0.8637
"2017-05-11 13:55:00","2017-05-11 14:55:00",0.018,0.8488
"2017-05-11 14:55:00","2017-05-11 21:50:00",-0.018,0.7413
"2017-05-11 21:50:00","2017-05-11 22:50:00",0.1442,0.6672
"2017-05-11 22:50:00","2017-05-11 23:50:00",-0.0721,0.6005
"2017-05-11 23:50:00","2017-05-12 00:50:00",0.108,0.9125
"2017-05-12 00:50:00","2017-05-12 01:50:00",-0.054,0.9894
"2017-05-12 01:50:00","2017-05-12 09:20:00",0.036,0.5361
"2017-05-12 09:20:00","2017-05-12 10:35:00",0.1619,0.4825
"2017-05-12 10:35:00","2017-05-12 13:35:00",-0.018,0.4342
"2017-05-12 13:35:00","2017-05-12 14:35:00",0.0719,0.3908
"2017-05-12 14:35:00","2017-05-12 21:30:00",0.0898,0.3517
"2017-05-12 21:30:00","2017-05-12 22:30:00",-0.0539,0.3165
"2017-05-12 22:30:00","2017-05-12 23:30:00",-0.0719,0.2848
"2017-05-12 23:30:00","2017-05-13 00:30:00",-0.0719,0.2563
"2017-05-13 00:30:00","2017-05-13 01:30:00",0.018,0.2307
